timestamp,ip,user,method,endpoint,status,log_type,anomaly_type
2025-03-28 12:57:09,20.51.40.36,olsonparker,POST,/products,200,normal,
2025-03-31 12:14:12,11.210.53.146,amanda52,GET,/admin,404,normal,
2025-04-05 00:14:05,103.231.88.32,randolphandrew,GET,/admin,200,normal,
2025-04-01 17:03:44,31.53.113.235,karenschmidt,GET,/login,200,normal,
2025-03-22 10:49:01,192.168.0.100,jacobmorris,GET,/api/data,429,anomaly,ip_flood
2025-03-26 01:10:17,55.149.167.105,destiny70,POST,/products,200,normal,
2025-04-02 07:57:15,164.211.180.89,lunakendra,GET,/home,200,normal,
2025-03-22 13:48:02,151.5.64.109,hoodvirginia,POST,/home,200,normal,
2025-03-31 12:32:48,106.40.139.193,huntgabrielle,GET,/products,200,normal,
2025-03-30 19:29:32,196.25.24.0,ericarivera,GET,/home,200,normal,
2025-04-14 00:00:29,154.206.141.110,anthonyrebecca,PUT,/login,200,normal,
2025-03-31 11:39:09,196.216.33.87,marygilmore,GET,/admin,200,normal,
2025-03-25 22:22:25,168.21.157.56,amber85,PUT,/login,200,normal,
2025-04-17 14:14:37,68.141.107.4,sdavis,PUT,/login,200,normal,
2025-04-16 22:24:08,97.225.212.233,sandrajimenez,DELETE,/api/data,200,normal,
2025-04-13 16:05:47,8.91.173.245,uanderson,GET,/home,200,normal,
2025-04-16 09:30:51,146.63.185.28,mason79,POST,/products,500,normal,
2025-03-30 12:09:21,131.171.234.76,margaretcrosby,POST,/admin,404,normal,
2025-04-09 07:36:37,178.20.31.136,riveramariah,DELETE,/login,200,normal,
2025-03-30 15:20:24,197.160.39.26,huangpaul,DELETE,/admin,200,normal,
2025-03-28 18:14:56,203.109.110.216,fthompson,PUT,/login,200,normal,
2025-04-12 17:22:48,178.154.249.58,pricesara,PUT,/login,404,normal,
2025-04-06 09:34:48,8.71.141.139,phunter,PUT,/login,200,normal,
2025-04-08 16:00:08,5.122.88.202,rbrowning,PUT,/admin,200,normal,
2025-04-20 01:14:15,117.11.184.194,wmiller,DELETE,/home,200,normal,
2025-04-05 14:59:18,87.65.253.3,dmontes,PUT,/products,200,normal,
2025-04-15 13:53:40,190.171.109.197,timothy31,PUT,/login,200,normal,
2025-03-28 11:07:17,13.190.26.146,rrichardson,GET,/api/data,404,normal,
2025-03-25 17:04:52,64.114.151.110,hornstephanie,GET,/products,200,normal,
2025-03-29 19:45:29,47.197.27.196,vflores,GET,/admin,200,normal,
2025-04-02 14:04:39,112.187.165.36,ryan04,DELETE,/admin,404,normal,
2025-04-01 13:46:12,144.248.189.92,walkerthomas,DELETE,/products,200,normal,
2025-04-02 06:30:37,197.38.4.214,beckerluke,GET,/login,200,normal,
2025-04-15 03:58:56,151.96.216.103,jenniferavila,GET,/api/data,200,normal,
2025-04-04 23:55:20,23.47.175.190,kgalvan,POST,/admin,200,normal,
2025-04-01 08:42:44,18.21.104.54,seancopeland,GET,/login,200,normal,
2025-04-05 11:49:42,4.252.112.128,mendozabryan,GET,/api/data,404,normal,
2025-04-06 11:11:50,42.69.5.91,dana57,POST,/login,200,normal,
2025-03-24 08:33:39,40.7.203.73,craigosborne,DELETE,/home,200,normal,
2025-03-25 15:40:22,130.154.169.135,sandra97,POST,/login,200,normal,
2025-03-21 20:57:37,211.215.131.206,william40,POST,/api/data,200,normal,
2025-03-31 23:45:20,38.233.95.222,justin79,PUT,/home,200,normal,
2025-03-27 05:01:02,131.202.232.238,jharvey,POST,/api/data,200,normal,
2025-04-01 01:54:24,76.58.199.64,qperez,DELETE,/api/data,404,normal,
2025-04-05 23:30:47,204.101.203.159,dduncan,POST,/home,200,normal,
2025-04-03 22:15:20,2.194.251.10,btorres,DELETE,/home,200,normal,
2025-03-28 11:32:06,210.234.237.152,markwatkins,PUT,/admin,200,normal,
2025-03-23 06:17:44,61.125.121.10,rmendez,POST,/api/data,200,normal,
2025-04-18 22:06:28,4.67.248.117,hillharold,PUT,/admin,200,normal,
2025-04-17 11:20:16,200.199.91.127,sblake,DELETE,/products,200,normal,
2025-04-15 03:58:29,204.39.50.158,lisa91,PUT,/home,500,normal,
2025-04-06 07:10:07,94.241.116.74,elizabeth73,PUT,/products,200,normal,
2025-03-28 06:06:52,45.10.4.26,turnertiffany,DELETE,/api/data,200,normal,
2025-04-19 10:47:05,85.79.251.230,bondlisa,POST,/api/data,200,normal,
2025-04-13 19:59:07,25.72.116.195,conniejenkins,GET,/api/data,200,normal,
2025-04-13 15:55:52,186.94.55.13,owendeanna,POST,/api/data,200,normal,
2025-03-23 16:44:19,197.17.248.67,margaret22,DELETE,/login,200,normal,
2025-04-15 18:41:35,167.141.138.30,michael24,POST,/login,200,normal,
2025-03-30 19:37:55,90.47.72.228,larrybond,POST,/home,200,normal,
2025-04-11 07:24:43,186.80.210.223,tapiavictoria,DELETE,/products,200,normal,
2025-03-29 06:32:47,188.235.9.185,dwright,GET,/products,404,normal,
2025-04-15 12:17:07,19.223.7.123,brownpeter,POST,/login,200,normal,
2025-04-04 19:58:23,91.122.242.147,iroberts,DELETE,/home,500,normal,
2025-04-17 02:38:21,216.109.85.2,johnmitchell,PUT,/admin,200,normal,
2025-03-27 03:37:34,85.219.67.172,sross,GET,/login,200,normal,
2025-03-28 01:05:36,72.129.150.241,jnavarro,DELETE,/login,200,normal,
2025-04-09 08:52:37,78.228.47.153,vaughnannette,PUT,/login,200,normal,
2025-04-06 13:02:23,140.195.141.224,pkeller,POST,/products,200,normal,
2025-04-14 02:17:22,116.20.52.74,erin52,PUT,/products,500,normal,
2025-04-16 15:01:26,122.195.127.71,jingram,DELETE,/home,200,normal,
2025-04-17 23:20:55,102.252.120.255,amywalker,POST,/products,404,normal,
2025-04-06 15:30:07,42.185.196.71,lauranavarro,DELETE,/admin,200,normal,
2025-03-25 14:54:59,216.149.96.84,johnsonmarc,PUT,/home,200,normal,
2025-04-12 16:47:36,77.82.67.53,aroy,DELETE,/login,200,normal,
2025-04-03 03:58:58,184.226.255.75,balexander,GET,/search?query=' OR 1=1 --,500,anomaly,sql_injection
2025-03-30 01:48:14,212.122.66.64,philipmurray,DELETE,/login,200,normal,
2025-04-10 00:41:38,217.2.24.28,taylor89,DELETE,/login,200,normal,
2025-03-28 22:16:25,72.212.195.8,ryan87,PUT,/home,200,normal,
2025-04-03 03:48:56,121.30.22.227,adrian35,POST,/products,200,normal,
2025-03-24 15:46:41,97.57.82.125,jason42,POST,/products,200,normal,
2025-03-21 21:18:01,177.133.87.145,brandi80,PUT,/admin,200,normal,
2025-03-26 09:20:15,47.146.183.186,lambjohn,GET,/admin,200,normal,
2025-03-24 04:14:43,136.40.210.47,vmerritt,PUT,/admin,200,normal,
2025-04-10 18:39:24,86.183.32.75,mcdanielcynthia,POST,/admin,404,normal,
2025-04-19 00:47:14,21.251.146.127,samuel77,PUT,/api/data,200,normal,
2025-03-21 18:06:54,162.26.139.3,adam23,PUT,/login,200,normal,
2025-04-04 14:23:21,199.124.191.38,timothystanley,POST,/admin,200,normal,
2025-04-16 00:07:16,62.0.192.85,christopherbanks,DELETE,/admin,200,normal,
2025-04-12 04:12:15,80.191.30.132,fullersheryl,POST,/login,200,normal,
2025-04-03 03:23:34,21.201.22.43,marshstephen,POST,/home,200,normal,
2025-04-09 05:30:15,145.183.199.160,wilsonsabrina,PUT,/home,200,normal,
2025-03-26 02:31:20,83.112.44.54,briangross,PUT,/products,200,normal,
2025-04-03 04:56:15,114.163.226.128,christopher73,PUT,/home,200,normal,
2025-04-14 20:26:10,123.5.94.248,fbell,POST,/products,404,normal,
2025-04-11 22:19:10,46.13.221.60,aherring,PUT,/products,200,normal,
2025-03-22 06:58:59,155.27.23.250,paullamb,POST,/home,200,normal,
2025-04-08 18:13:03,66.83.107.132,travissaunders,PUT,/admin,200,normal,
2025-03-22 21:59:19,10.125.98.184,mariarodriguez,PUT,/api/data,200,normal,
2025-04-04 22:05:18,114.241.106.175,michael73,POST,/products,200,normal,
2025-04-14 10:40:41,105.192.136.82,mannashley,DELETE,/home,200,normal,
2025-04-07 13:27:12,159.14.119.157,courtney75,GET,/products,200,normal,
2025-04-03 06:40:21,76.73.252.144,dshaffer,POST,/home,200,normal,
2025-04-15 12:09:17,83.10.58.108,hannahjuarez,POST,/login,200,normal,
2025-04-03 21:50:53,203.60.238.193,jorgeesparza,PUT,/login,200,normal,
2025-03-23 22:35:42,176.120.84.132,fsims,GET,/products,200,normal,
2025-03-30 21:59:05,62.210.229.52,romeroluke,POST,/login,200,normal,
2025-04-04 15:53:21,184.83.226.85,dsilva,POST,/api/data,404,normal,
2025-04-16 18:42:40,72.0.213.181,patrick02,PUT,/home,200,normal,
2025-04-07 20:29:22,107.165.248.96,lynn71,GET,/login,200,normal,
2025-04-02 01:01:06,211.192.181.14,scottjared,GET,/products,404,normal,
2025-03-27 20:42:43,6.26.77.154,sanderswarren,GET,/admin,200,normal,
2025-04-04 23:28:28,36.145.209.246,karen64,PUT,/home,200,normal,
2025-03-25 01:00:02,54.1.203.129,carpenterlindsay,POST,/products,200,normal,
2025-03-27 08:24:40,81.54.218.191,kriley,GET,/home,200,normal,
2025-04-03 22:32:45,159.237.152.249,regina83,DELETE,/home,200,normal,
2025-03-28 05:19:35,59.224.22.16,lutzrichard,PUT,/api/data,200,normal,
2025-04-17 08:38:56,177.107.4.226,jacksonkaren,GET,/api/data,200,normal,
2025-03-31 14:52:17,204.159.236.70,jacqueline57,PUT,/login,200,normal,
2025-04-02 23:42:29,83.133.198.63,shannon67,DELETE,/home,200,normal,
2025-03-27 16:11:30,20.159.93.170,russell58,GET,/admin,200,normal,
2025-03-30 06:23:15,219.196.19.103,terry70,POST,/login,404,normal,
2025-04-07 10:10:16,189.164.227.57,ivazquez,POST,/products,200,normal,
2025-04-07 17:13:27,117.217.65.214,janicejohnston,POST,/products,200,normal,
2025-03-27 14:53:49,130.202.19.108,rodriguezcindy,GET,/admin,200,normal,
2025-04-04 20:12:10,192.168.0.100,jesse86,GET,/login,429,anomaly,ip_flood
2025-04-02 16:45:34,43.55.149.16,brittany16,GET,/products,200,normal,
2025-03-27 10:06:12,189.47.47.219,davisholly,DELETE,/admin,200,normal,
2025-04-20 07:30:58,26.231.190.182,nina82,GET,/admin,200,normal,
2025-04-19 15:41:40,169.180.245.231,sstokes,DELETE,/login,200,normal,
2025-04-18 00:59:59,209.46.105.246,mfoster,DELETE,/home,500,normal,
2025-03-29 09:46:44,45.132.139.56,melaniejones,POST,/admin,403,anomaly,admin_access
2025-04-11 13:56:04,23.87.148.142,ruizpamela,GET,/login,200,normal,
2025-03-22 01:21:09,29.250.118.124,jgoodman,GET,/products,200,normal,
2025-04-15 06:26:22,49.99.178.108,mday,GET,/api/data,200,normal,
2025-03-22 03:33:09,42.209.179.134,michaelstone,GET,/home,200,normal,
2025-03-25 08:51:30,106.225.111.173,floresgwendolyn,GET,/products,200,normal,
2025-03-27 01:54:11,164.57.27.56,bevans,DELETE,/login,200,normal,
2025-04-01 23:25:55,8.179.0.223,marshalljoel,PUT,/api/data,200,normal,
2025-03-27 19:13:50,143.110.57.133,julie24,GET,/login,200,normal,
2025-04-04 17:44:28,181.26.33.22,rickyking,DELETE,/products,200,normal,
2025-03-24 10:08:54,41.202.5.250,jeffrey54,POST,/products,200,normal,
2025-04-15 17:18:29,113.83.196.116,patrick11,DELETE,/admin,200,normal,
2025-04-19 08:46:10,35.161.60.99,frankchristian,GET,/home,200,normal,
2025-04-19 09:44:16,60.20.209.223,alexander39,DELETE,/admin,200,normal,
2025-04-03 21:57:01,46.40.128.202,qcastillo,GET,/products,200,normal,
2025-04-18 01:07:54,175.148.160.144,udeleon,DELETE,/api/data,404,normal,
2025-04-03 03:17:34,172.158.121.150,zsnyder,PUT,/login,200,normal,
2025-04-19 00:47:15,205.187.114.249,diana44,GET,/login,200,normal,
2025-04-05 15:41:55,10.5.237.113,jlester,DELETE,/api/data,200,normal,
2025-04-02 03:36:33,148.40.9.128,saralawson,DELETE,/api/data,200,normal,
2025-04-11 18:42:50,97.87.65.150,iwashington,PUT,/home,200,normal,
2025-04-12 13:02:19,122.186.155.200,oconnelldavid,POST,/api/data,200,normal,
2025-04-14 12:44:51,63.81.147.84,lclark,PUT,/products,200,normal,
2025-04-07 18:59:47,103.19.188.213,catherine10,DELETE,/api/data,200,normal,
2025-03-27 13:16:13,173.179.113.80,christopher83,PUT,/admin,200,normal,
2025-04-02 11:39:05,221.21.116.30,david75,GET,/login,200,normal,
2025-03-23 06:39:09,16.222.64.112,laurabryant,PUT,/admin,200,normal,
2025-03-24 06:08:59,165.48.90.64,porterkeith,DELETE,/home,200,normal,
2025-04-13 01:27:34,138.95.66.234,martineztheresa,GET,/login,200,normal,
2025-04-07 05:45:50,92.108.17.225,xyoung,GET,/admin,200,normal,
2025-04-14 23:27:00,211.231.50.48,michaelrichardson,GET,/api/data,200,normal,
2025-04-14 08:37:05,154.31.16.85,erin58,PUT,/products,200,normal,
2025-04-01 17:36:28,147.218.159.37,brandoncampbell,POST,/api/data,404,normal,
2025-04-06 01:48:51,16.161.71.26,william80,DELETE,/home,200,normal,
2025-04-18 19:28:39,202.248.143.138,kimberly46,POST,/products,200,normal,
2025-04-05 03:08:08,135.177.172.216,gordonjustin,PUT,/products,200,normal,
2025-04-18 10:22:32,162.172.216.125,stewartamanda,GET,/api/data,200,normal,
2025-04-19 00:53:35,93.45.78.227,anthonymoore,PUT,/products,200,normal,
2025-03-25 19:16:34,15.139.191.92,shawnhenderson,PUT,/login,200,normal,
2025-04-09 03:07:47,132.30.183.87,laurencox,GET,/login,200,normal,
2025-03-27 16:53:16,46.43.80.102,trodriguez,DELETE,/api/data,200,normal,
2025-03-25 17:47:31,130.217.8.125,ashleymclaughlin,DELETE,/login,200,normal,
2025-03-22 10:26:38,111.222.179.254,douglassmith,GET,/admin,200,normal,
2025-03-27 02:17:51,156.180.210.232,debbiecrawford,DELETE,/api/data,200,normal,
2025-04-02 07:55:30,75.122.237.145,grossmelissa,PUT,/login,200,normal,
2025-04-06 06:47:50,111.125.3.87,qhatfield,DELETE,/products,200,normal,
2025-04-10 21:31:39,13.63.248.43,vvillegas,DELETE,/products,200,normal,
2025-03-22 00:43:10,129.157.149.156,christopher47,DELETE,/login,200,normal,
2025-04-15 19:15:26,217.98.147.166,vmartinez,GET,/api/data,200,normal,
2025-03-24 20:19:45,116.145.67.239,davidpeters,PUT,/api/data,200,normal,
2025-04-05 19:24:31,135.38.2.52,taylorjennifer,DELETE,/api/data,200,normal,
2025-04-10 03:28:37,185.61.30.147,larrythomas,DELETE,/home,200,normal,
2025-04-18 14:13:09,36.186.218.187,oray,POST,/products,200,normal,
2025-03-22 15:54:38,157.71.48.236,toddrobinson,PUT,/api/data,200,normal,
2025-03-22 20:00:09,41.1.49.175,debra66,PUT,/home,200,normal,
2025-03-27 08:23:46,133.97.99.146,wwhite,POST,/home,200,normal,
2025-04-12 01:03:03,50.23.125.81,ssimmons,POST,/admin,404,normal,
2025-04-13 20:27:43,188.64.96.29,xbush,POST,/api/data,200,normal,
2025-04-03 22:28:43,163.16.82.244,john78,PUT,/login,200,normal,
2025-03-30 10:04:13,43.41.46.102,wernerdakota,DELETE,/login,404,normal,
2025-04-19 02:23:03,19.250.30.126,timothyrobbins,DELETE,/login,404,normal,
2025-04-07 15:46:02,49.230.184.213,dominique99,GET,/api/data,200,normal,
2025-04-09 21:11:32,153.254.43.180,marc20,PUT,/api/data,200,normal,
2025-03-21 20:33:20,33.235.166.85,amanda28,DELETE,/login,200,normal,
2025-04-10 21:46:59,15.143.61.100,meghancopeland,DELETE,/home,200,normal,
2025-04-12 02:10:46,132.49.96.200,brittany66,DELETE,/products,404,normal,
2025-04-03 10:47:45,74.192.117.86,allisonbuck,GET,/home,200,normal,
2025-04-11 05:04:07,197.92.201.88,lvilla,PUT,/admin,200,normal,
2025-03-23 00:49:41,106.111.103.182,veronica15,PUT,/products,200,normal,
2025-03-29 10:02:14,105.221.13.246,brian41,GET,/products,200,normal,
2025-04-10 09:06:49,190.108.120.136,jenna28,DELETE,/api/data,404,normal,
2025-04-08 02:23:26,186.191.11.120,pthomas,DELETE,/admin,200,normal,
2025-04-12 04:54:53,57.155.219.74,nwright,DELETE,/products,200,normal,
2025-03-27 13:00:31,53.233.109.1,ojackson,DELETE,/admin,200,normal,
2025-03-23 13:34:53,187.188.231.131,lduncan,DELETE,/api/data,200,normal,
2025-04-06 03:46:36,66.149.115.121,nelsondavid,GET,/products,404,normal,
2025-04-19 03:27:39,87.39.229.143,smithkelly,GET,/login,200,normal,
2025-04-19 22:19:06,80.44.168.238,haileykramer,GET,/products,500,normal,
2025-04-10 23:07:05,5.33.17.165,michael95,POST,/home,200,normal,
2025-04-08 17:43:15,200.71.90.178,cferguson,DELETE,/login,404,normal,
2025-04-12 20:42:16,220.106.182.92,jessegregory,POST,/login,404,normal,
2025-04-03 11:27:50,113.20.105.92,mark59,PUT,/admin,404,normal,
2025-03-23 18:10:40,176.216.43.147,mathewdean,PUT,/api/data,200,normal,
2025-03-25 21:21:50,168.178.16.235,smithjake,PUT,/api/data,404,normal,
2025-04-18 21:39:50,43.145.138.102,crystal90,POST,/api/data,200,normal,
2025-03-30 04:37:42,106.20.154.120,samantha76,DELETE,/login,200,normal,
2025-04-19 02:18:57,54.143.16.242,robertthompson,PUT,/login,200,normal,
2025-03-24 12:17:15,192.168.0.100,jordancisneros,GET,/login,429,anomaly,ip_flood
2025-04-11 04:34:55,66.80.26.92,eringray,PUT,/home,200,normal,
2025-04-01 05:02:56,110.221.145.202,huntpatricia,DELETE,/home,200,normal,
2025-04-20 12:14:54,62.111.156.17,tgriffith,PUT,/admin,500,normal,
2025-03-26 13:08:09,5.46.28.248,carrilloalexandra,POST,/api/data,200,normal,
2025-04-01 14:52:10,141.234.203.78,janiceward,GET,/admin,200,normal,
2025-03-29 12:42:16,28.62.255.113,brian38,DELETE,/products,200,normal,
2025-04-12 04:20:59,20.83.107.111,websterjanet,DELETE,/api/data,200,normal,
2025-04-05 15:33:04,211.18.147.201,ryan16,DELETE,/products,200,normal,
2025-03-30 08:12:40,84.151.243.205,rachel97,DELETE,/api/data,200,normal,
2025-04-11 12:08:46,17.71.89.149,davidjason,DELETE,/api/data,200,normal,
2025-03-27 02:12:37,25.248.136.169,jennifer78,POST,/products,200,normal,
2025-04-13 07:23:01,214.101.233.0,jessicahebert,GET,/api/data,404,normal,
2025-04-20 04:27:54,67.110.90.133,kanelaura,GET,/products,200,normal,
2025-04-07 16:39:46,134.250.0.121,jamesrogers,POST,/home,200,normal,
2025-03-27 19:43:18,101.211.106.166,klindsey,GET,/login,200,normal,
2025-03-24 23:18:36,99.73.128.215,holmesstephen,POST,/api/data,200,normal,
2025-04-08 05:46:51,210.78.190.246,dwayneharris,POST,/api/data,200,normal,
2025-03-27 19:04:18,205.150.41.237,danielhall,PUT,/products,200,normal,
2025-04-04 00:44:27,222.54.146.186,tammy06,POST,/products,404,normal,
2025-04-09 15:23:19,102.184.247.78,francodonna,DELETE,/api/data,200,normal,
2025-03-31 08:54:03,197.128.135.104,ruizlori,DELETE,/login,200,normal,
2025-04-04 07:36:22,172.87.63.140,wrightjohn,DELETE,/login,200,normal,
2025-04-02 01:03:14,27.66.18.5,brendamccarthy,PUT,/admin,200,normal,
2025-03-24 00:27:00,148.119.238.13,myerschristine,GET,/api/data,200,normal,
2025-04-20 08:36:02,62.87.240.25,ericgoodwin,GET,/api/data,200,normal,
2025-04-11 17:19:51,223.238.176.128,kzamora,POST,/home,200,normal,
2025-04-12 19:34:44,122.184.138.13,rebeccasalazar,PUT,/admin,200,normal,
2025-03-29 03:21:12,92.148.139.177,rstark,GET,/api/data,200,normal,
2025-03-31 23:02:08,135.51.181.91,john26,GET,/login,200,normal,
2025-03-27 02:20:56,53.3.177.217,seancox,GET,/search?query=' OR 1=1 --,500,anomaly,sql_injection
2025-04-15 06:49:50,75.225.45.248,marielewis,DELETE,/home,200,normal,
2025-04-17 02:13:19,135.20.91.187,halejennifer,DELETE,/api/data,200,normal,
2025-04-02 13:38:04,163.43.170.241,tanner03,GET,/admin,200,normal,
2025-04-07 19:40:27,211.163.5.129,ejames,PUT,/login,404,normal,
2025-04-19 22:13:50,96.119.50.82,joshua28,POST,/api/data,200,normal,
2025-04-10 15:16:39,98.64.234.138,adamsbrittany,TRACE,/unknown,400,anomaly,weird_method
2025-04-20 13:46:28,28.250.79.71,gsteele,PUT,/home,200,normal,
2025-04-06 09:07:58,83.19.139.21,daniel03,POST,/admin,200,normal,
2025-04-10 08:48:28,156.76.207.14,shepherdannette,DELETE,/login,404,normal,
2025-03-29 17:23:50,6.121.55.123,erika53,POST,/products,200,normal,
2025-04-01 20:03:44,181.228.135.229,toddhuff,CONNECT,/unknown,400,anomaly,weird_method
2025-04-11 10:31:39,124.66.130.37,jwilliams,POST,/api/data,200,normal,
2025-04-16 02:57:08,79.50.35.123,philipfrank,POST,/products,200,normal,
2025-04-15 23:59:35,114.73.52.29,joseph84,POST,/home,200,normal,
2025-03-25 09:48:23,33.231.13.68,esmith,POST,/home,200,normal,
2025-04-05 20:54:36,145.7.226.138,haleylang,DELETE,/admin,200,normal,
2025-04-18 10:16:45,144.229.181.248,mooregina,POST,/login,200,normal,
2025-03-30 23:23:20,96.123.93.143,nathan83,GET,/home,200,normal,
2025-03-24 11:07:09,142.229.194.204,margaretharris,GET,/home,200,normal,
2025-04-02 18:25:09,104.247.170.137,kmiller,GET,/search?query=' OR 1=1 --,500,anomaly,sql_injection
2025-03-21 20:59:29,220.94.32.86,lindahernandez,PUT,/admin,200,normal,
2025-04-03 01:58:37,171.139.12.99,michaelhughes,DELETE,/products,200,normal,
2025-03-25 04:35:45,213.208.119.216,cantrellangie,DELETE,/home,200,normal,
2025-04-15 04:22:12,65.238.172.9,bethanyshaw,POST,/login,404,normal,
2025-04-12 04:31:41,24.137.85.33,baldwinlinda,PUT,/api/data,500,normal,
2025-04-19 13:40:41,105.4.90.154,hpeterson,DELETE,/admin,200,normal,
2025-04-19 07:24:56,69.171.233.150,taylordarius,DELETE,/admin,200,normal,
2025-04-05 21:21:46,208.75.64.252,ralph58,DELETE,/api/data,200,normal,
2025-04-07 13:53:21,174.22.156.232,brianrogers,POST,/products,200,normal,
2025-03-23 20:49:40,177.7.82.65,jerry36,PUT,/home,200,normal,
2025-04-10 17:40:45,165.250.152.203,melissa54,PUT,/api/data,200,normal,
2025-04-10 06:26:52,8.215.186.159,cassandrabailey,GET,/login,200,normal,
2025-04-16 12:16:50,124.199.187.23,michaelaadams,POST,/admin,200,normal,
2025-04-08 22:12:44,128.122.135.112,hoganconnie,PUT,/home,404,normal,
2025-03-30 10:07:18,142.44.106.151,ivillarreal,DELETE,/login,200,normal,
2025-04-11 09:59:30,16.120.88.1,michael34,GET,/admin,404,normal,
2025-04-11 09:22:22,1.91.160.180,garciacarolyn,DELETE,/home,200,normal,
2025-03-29 22:59:09,198.110.71.196,kristen07,GET,/home,404,normal,
2025-04-19 02:45:29,91.236.35.229,kimberlyhoffman,POST,/products,404,normal,
2025-03-30 08:56:50,200.178.185.103,sheila01,PUT,/home,404,normal,
2025-03-24 01:32:11,53.152.248.6,alexis45,PUT,/login,200,normal,
2025-04-14 21:43:48,84.153.83.115,millernicholas,PUT,/api/data,200,normal,
2025-04-16 20:59:21,80.139.58.89,sandra15,DELETE,/admin,200,normal,
2025-04-09 04:56:26,44.19.18.105,gduran,POST,/home,200,normal,
2025-04-19 16:30:45,154.111.73.199,ashleyhines,POST,/home,404,normal,
2025-04-13 02:02:07,78.198.227.193,kyle30,POST,/login,404,normal,
2025-04-20 07:39:19,13.132.168.52,adam07,DELETE,/login,200,normal,
2025-04-20 03:35:35,124.109.201.44,victoriajones,POST,/admin,403,anomaly,admin_access
2025-04-13 04:42:49,192.168.0.100,joneschristine,GET,/api/data,429,anomaly,ip_flood
2025-03-25 12:15:57,22.156.250.200,kbrown,GET,/home,200,normal,
2025-04-05 16:26:21,95.111.3.123,anne20,POST,/login,200,normal,
2025-04-07 11:16:16,26.116.218.154,igibbs,PUT,/home,200,normal,
2025-04-05 10:56:16,87.62.168.206,oarmstrong,POST,/admin,404,normal,
2025-03-29 02:28:45,121.15.28.223,andrew57,DELETE,/admin,200,normal,
2025-04-02 11:31:51,3.79.133.7,smithelizabeth,GET,/products,404,normal,
2025-04-01 05:03:52,188.183.77.228,lisa04,GET,/products,200,normal,
2025-04-16 09:15:44,20.84.89.132,sconner,DELETE,/api/data,404,normal,
2025-04-06 22:48:20,33.190.24.98,djoyce,GET,/products,200,normal,
2025-04-03 08:38:53,101.37.35.213,handrade,GET,/admin,200,normal,
2025-04-09 19:24:29,125.116.61.159,roberttate,DELETE,/login,200,normal,
2025-03-25 01:58:35,36.155.95.128,tinaburns,POST,/products,200,normal,
2025-03-28 22:26:39,33.201.212.27,davealvarado,PUT,/products,200,normal,
2025-04-06 14:10:07,118.145.134.58,nicholasjordan,GET,/login,404,normal,
2025-03-25 05:08:10,156.225.46.41,victoria54,GET,/home,404,normal,
2025-04-04 10:20:15,97.28.88.61,stephanieruiz,DELETE,/login,404,normal,
2025-04-19 21:02:54,216.188.181.68,xthompson,GET,/home,200,normal,
2025-04-13 05:35:34,79.113.113.14,colemanaaron,PUT,/api/data,200,normal,
2025-04-14 00:44:46,133.144.145.7,alexander59,GET,/admin,500,normal,
2025-03-31 16:11:03,221.120.252.163,wbenson,POST,/home,200,normal,
2025-04-02 03:15:53,61.74.63.140,jacqueline25,PUT,/products,200,normal,
2025-04-11 15:39:29,173.121.13.46,chays,POST,/products,500,normal,
2025-03-28 17:05:37,195.121.35.14,kimberlynichols,DELETE,/home,200,normal,
2025-03-22 06:33:39,36.124.51.34,matthew39,GET,/products,200,normal,
2025-03-30 06:34:35,102.230.116.56,awallace,GET,/api/data,200,normal,
2025-03-28 08:23:58,176.122.110.133,weavereric,GET,/admin,404,normal,
2025-03-24 18:23:10,170.143.89.92,vtaylor,GET,/home,404,normal,
2025-04-18 07:35:18,33.248.61.183,wallsangela,GET,/products,500,normal,
2025-04-03 16:20:36,33.157.31.199,steven69,POST,/admin,200,normal,
2025-04-10 09:52:00,204.163.152.123,juan36,POST,/home,200,normal,
2025-04-17 22:53:52,71.128.18.243,danielstewart,POST,/home,200,normal,
2025-04-16 04:41:47,192.168.0.100,curtis84,GET,/login,429,anomaly,ip_flood
2025-04-12 00:25:42,152.250.197.200,christygibson,PUT,/login,200,normal,
2025-04-05 10:04:55,162.172.87.163,april29,PUT,/login,200,normal,
2025-04-02 17:21:54,11.154.235.187,khernandez,GET,/api/data,200,normal,
2025-04-02 20:08:55,129.173.222.216,williamlewis,GET,/api/data,200,normal,
2025-04-10 19:38:13,93.28.57.228,etran,GET,/login,500,normal,
2025-03-22 12:25:14,219.57.253.220,justinlucas,POST,/login,200,normal,
2025-03-26 04:49:52,169.184.131.162,clarkkevin,POST,/admin,200,normal,
2025-03-31 00:43:19,64.86.173.220,michelle57,PUT,/api/data,404,normal,
2025-03-29 08:18:05,174.91.12.103,janderson,DELETE,/api/data,200,normal,
2025-04-17 17:38:09,208.63.126.20,kpoole,DELETE,/admin,200,normal,
2025-04-01 05:45:32,93.235.175.147,walterallen,DELETE,/api/data,200,normal,
2025-03-30 19:46:36,217.194.30.7,reillyeric,GET,/search?query=' OR 1=1 --,500,anomaly,sql_injection
2025-03-31 10:38:12,66.5.213.248,cowens,DELETE,/api/data,200,normal,
2025-04-06 16:26:08,62.59.209.0,douglas12,GET,/search?query=' OR 1=1 --,500,anomaly,sql_injection
2025-03-25 02:48:13,59.202.15.95,hjohnson,POST,/products,200,normal,
2025-03-22 03:19:44,104.63.241.93,pcooper,DELETE,/products,200,normal,
2025-03-27 15:26:42,109.176.121.100,idavis,PUT,/home,200,normal,
2025-04-17 05:15:51,171.111.240.49,derrickgarcia,GET,/login,200,normal,
2025-03-31 01:13:16,153.128.25.208,murphychristian,POST,/login,200,normal,
2025-03-27 16:45:28,135.245.102.94,qriley,DELETE,/api/data,200,normal,
2025-03-25 08:54:34,171.212.1.232,michael53,POST,/login,200,normal,
2025-03-28 08:53:33,191.161.67.252,kwallace,DELETE,/login,200,normal,
2025-04-09 04:24:20,56.229.84.42,robertfranco,DELETE,/admin,200,normal,
2025-03-27 11:58:52,163.20.13.86,pjensen,PUT,/home,200,normal,
2025-04-01 01:58:46,24.39.21.184,nosborn,DELETE,/login,500,normal,
2025-04-07 00:40:25,144.187.30.138,michelle78,DELETE,/admin,200,normal,
2025-03-24 02:47:19,130.84.239.49,floresapril,POST,/admin,200,normal,
2025-04-13 20:33:02,144.55.129.153,robert77,DELETE,/products,200,normal,
2025-04-03 21:57:12,161.99.77.176,mooreheather,GET,/products,200,normal,
2025-03-27 08:58:04,80.32.93.74,jeremynichols,POST,/admin,200,normal,
2025-04-01 04:58:21,19.108.153.223,rangelbrandi,PUT,/login,404,normal,
2025-04-12 09:16:49,210.17.85.86,charles97,GET,/products,200,normal,
2025-03-31 01:29:30,38.20.62.251,andrew45,DELETE,/api/data,500,normal,
2025-04-17 02:25:04,60.96.55.133,glee,DELETE,/api/data,200,normal,
2025-04-11 09:43:12,126.222.24.221,tracy52,GET,/api/data,404,normal,
2025-04-07 08:58:25,2.196.146.27,tiffanyallen,POST,/admin,403,anomaly,admin_access
2025-04-02 05:50:52,217.85.2.155,pamelaforbes,GET,/home,200,normal,
2025-03-24 21:33:20,177.250.127.82,lynchsandra,POST,/api/data,200,normal,
2025-03-22 05:02:25,43.235.251.163,april64,GET,/login,200,normal,
2025-03-29 19:15:03,87.118.6.118,underwoodmatthew,DELETE,/api/data,200,normal,
2025-03-28 18:41:41,185.202.212.55,kimgeorge,PUT,/admin,200,normal,
2025-04-18 20:36:04,175.80.107.2,karenmoore,DELETE,/login,200,normal,
2025-03-25 17:13:57,86.18.221.57,millerbridget,POST,/admin,200,normal,
2025-04-11 17:00:42,88.90.162.2,gomezwillie,GET,/products,200,normal,
2025-04-15 10:20:53,213.236.162.117,ncummings,GET,/api/data,200,normal,
2025-04-11 18:57:03,115.13.241.60,brett22,PUT,/products,404,normal,
2025-04-16 01:10:05,180.233.168.226,davidsonkyle,PUT,/admin,200,normal,
2025-03-31 11:09:31,60.20.15.88,hrivera,GET,/products,500,normal,
2025-04-07 15:27:33,96.209.212.110,blackburnharold,GET,/products,404,normal,
2025-04-20 09:07:47,90.197.148.99,ray25,GET,/home,200,normal,
2025-04-15 07:43:41,85.132.12.25,wsnow,POST,/login,200,normal,
2025-03-23 14:48:46,31.28.248.170,riverajames,GET,/home,404,normal,
2025-03-22 15:59:58,5.2.188.163,mhoover,GET,/home,200,normal,
2025-04-19 14:15:12,19.245.166.117,wilsonemily,DELETE,/api/data,200,normal,
2025-03-25 01:21:28,1.198.191.58,ruizalexander,DELETE,/products,200,normal,
2025-04-14 02:50:32,151.251.104.64,fking,POST,/admin,200,normal,
2025-03-24 06:26:02,35.25.12.197,tylerbrown,PUT,/admin,200,normal,
2025-03-31 12:27:33,195.229.192.97,audreyray,PUT,/login,200,normal,
2025-03-29 06:13:31,6.105.97.53,pauldavidson,POST,/admin,200,normal,
2025-04-02 15:36:15,185.90.221.73,denniscooper,GET,/login,200,normal,
2025-04-13 02:55:09,220.250.116.69,roblesjohn,PUT,/home,200,normal,
2025-03-30 15:09:51,220.100.48.194,michael01,GET,/api/data,200,normal,
2025-04-14 16:51:00,187.240.149.205,rodriguezbrendan,PUT,/products,200,normal,
2025-04-03 16:16:54,151.33.255.104,knichols,PUT,/admin,200,normal,
2025-04-11 06:11:06,110.251.192.145,sandra59,DELETE,/api/data,200,normal,
2025-04-10 00:09:00,50.17.184.60,rachael04,POST,/products,200,normal,
2025-04-06 04:47:04,38.84.236.94,jessicaramos,POST,/products,404,normal,
2025-03-25 18:37:18,133.187.27.150,zprice,GET,/login,200,normal,
2025-04-04 17:18:56,159.59.188.83,howardrobert,GET,/search?query=' OR 1=1 --,500,anomaly,sql_injection
2025-04-01 00:54:34,221.10.85.160,christinahansen,GET,/admin,500,normal,
2025-04-09 16:40:52,107.172.10.248,ashleyholden,POST,/api/data,200,normal,
2025-04-03 03:33:33,188.12.233.155,patrick60,DELETE,/products,200,normal,
2025-04-16 16:33:46,174.164.1.135,christine48,DELETE,/admin,200,normal,
2025-04-06 22:13:11,193.240.152.67,michael29,GET,/login,200,normal,
2025-04-06 18:56:07,75.133.233.42,washingtontyler,GET,/home,200,normal,
2025-04-18 15:47:45,43.18.226.22,johnrobinson,DELETE,/api/data,200,normal,
2025-04-20 00:06:36,134.111.179.55,davepalmer,PUT,/products,200,normal,
2025-03-22 20:08:13,187.151.9.211,jonathan89,PUT,/home,500,normal,
2025-04-17 21:01:50,117.245.46.228,townsendrobert,PUT,/home,200,normal,
2025-03-25 13:52:51,132.119.222.122,terribecker,PUT,/login,200,normal,
2025-03-25 13:00:57,151.53.35.147,scott14,GET,/api/data,200,normal,
2025-04-10 15:56:42,78.3.101.19,ihill,PUT,/api/data,200,normal,
2025-03-29 02:10:26,41.161.154.110,fgriffin,PUT,/login,200,normal,
2025-03-23 12:38:02,51.194.141.38,sarahmoore,POST,/admin,403,anomaly,admin_access
2025-04-15 10:48:05,6.89.235.215,logananderson,GET,/api/data,200,normal,
2025-04-18 09:33:14,160.150.207.14,fullerjuan,POST,/login,500,normal,
2025-03-27 17:07:32,141.111.29.10,shannonturner,GET,/login,200,normal,
2025-04-16 15:02:00,89.104.148.184,thomasmatthew,DELETE,/api/data,200,normal,
2025-04-13 17:31:57,37.6.20.145,coreymiller,GET,/login,200,normal,
2025-04-07 01:25:02,129.102.176.100,george28,PUT,/products,200,normal,
2025-04-05 15:05:31,22.213.214.19,jeremy09,GET,/admin,200,normal,
2025-04-18 05:23:17,150.184.55.5,brownkimberly,POST,/home,200,normal,
2025-04-11 09:05:09,30.175.222.55,dianeyang,DELETE,/login,200,normal,
2025-04-19 18:01:06,133.19.49.96,knightcraig,DELETE,/api/data,200,normal,
2025-04-14 13:17:06,156.69.93.196,juliemiller,DELETE,/products,200,normal,
2025-04-11 05:58:57,28.177.34.136,johnrogers,PUT,/login,500,normal,
2025-04-11 13:24:53,121.143.96.76,robert18,DELETE,/home,200,normal,
2025-03-24 05:41:34,118.90.191.102,tinabaker,POST,/products,200,normal,
2025-04-11 03:14:57,82.164.167.245,kball,POST,/login,200,normal,
2025-04-02 10:57:08,77.27.114.44,vjohnson,DELETE,/login,404,normal,
2025-03-27 12:20:30,13.95.99.193,amyrivera,POST,/home,200,normal,
2025-04-11 20:12:17,180.28.114.61,ncollins,PUT,/products,200,normal,
2025-04-19 13:35:23,133.252.139.172,krystal46,GET,/products,200,normal,
2025-04-10 10:14:51,57.98.217.95,loridalton,PUT,/products,200,normal,
2025-04-12 06:13:13,7.16.183.20,hilldebra,GET,/products,200,normal,
2025-04-15 20:18:10,38.19.158.252,johnfox,PUT,/api/data,200,normal,
2025-04-12 17:23:27,34.56.62.129,jacob44,POST,/admin,404,normal,
2025-03-24 21:09:04,214.133.254.202,hannahwolf,GET,/login,500,normal,
2025-04-10 15:06:35,158.121.50.5,lynchjacqueline,DELETE,/login,200,normal,
2025-03-30 13:19:02,90.193.109.116,richard22,GET,/products,200,normal,
2025-03-25 11:53:30,204.169.41.21,snavarro,PUT,/home,200,normal,
2025-03-28 02:59:38,222.237.19.70,riverapatricia,GET,/home,200,normal,
2025-04-14 08:48:34,212.27.108.192,william87,GET,/home,200,normal,
2025-04-08 00:10:27,174.133.9.231,morrisonbarbara,PUT,/products,200,normal,
2025-04-07 01:22:05,31.55.120.150,kramerdavid,GET,/products,404,normal,
2025-04-18 10:57:36,210.34.117.188,franklinalexis,PUT,/admin,200,normal,
2025-04-01 22:01:01,48.211.185.68,acevedobrenda,PUT,/api/data,200,normal,
2025-04-06 14:56:34,7.53.59.90,thomasbeth,GET,/admin,200,normal,
2025-03-23 13:32:24,106.28.255.101,noah61,PUT,/products,404,normal,
2025-03-26 15:03:59,30.30.136.8,shannonpowell,GET,/login,200,normal,
2025-03-30 02:53:35,5.79.148.161,kcruz,GET,/login,200,normal,
2025-04-14 06:37:25,99.110.21.51,michaellloyd,GET,/admin,404,normal,
2025-04-15 22:04:47,91.173.237.238,benjaminchelsea,PUT,/products,200,normal,
2025-04-19 05:33:52,17.114.97.151,megan00,POST,/api/data,200,normal,
2025-04-03 13:15:28,2.114.217.56,shortwilliam,PUT,/admin,200,normal,
2025-04-12 14:46:51,58.179.128.171,alecedwards,DELETE,/api/data,404,normal,
2025-04-16 09:42:23,99.190.45.139,timothyhenderson,CONNECT,/unknown,400,anomaly,weird_method
2025-04-15 01:23:38,3.251.188.59,scottmelinda,GET,/admin,200,normal,
2025-04-13 06:47:43,40.239.44.93,jcollins,PUT,/products,200,normal,
2025-04-01 17:14:12,163.213.23.96,johnsondawn,GET,/api/data,200,normal,
2025-04-04 23:32:58,38.219.245.148,thomaswilkerson,PUT,/login,200,normal,
2025-03-25 10:06:13,73.103.173.201,catherine08,DELETE,/admin,200,normal,
2025-04-01 04:49:59,97.180.177.137,robert59,DELETE,/products,200,normal,
2025-04-14 02:25:46,56.235.239.113,jamesbaxter,GET,/admin,200,normal,
2025-04-16 19:19:01,1.191.142.204,mgoodman,DELETE,/api/data,200,normal,
2025-03-30 16:33:42,138.205.38.89,berrydavid,GET,/home,200,normal,
2025-04-13 09:10:27,190.19.9.209,asexton,GET,/products,404,normal,
2025-04-18 17:52:11,44.1.84.192,simmonsronald,GET,/home,200,normal,
2025-03-24 06:40:00,192.134.212.201,reginakelly,GET,/home,200,normal,
2025-03-23 18:28:24,204.16.5.129,aroberts,GET,/search?query=' OR 1=1 --,500,anomaly,sql_injection
2025-04-17 11:43:10,214.176.178.218,david09,POST,/api/data,200,normal,
2025-04-12 06:17:51,114.208.162.244,alexanderfletcher,GET,/products,200,normal,
2025-04-04 15:30:54,26.151.58.97,mphillips,DELETE,/api/data,200,normal,
2025-04-15 22:42:09,59.163.6.159,linda54,GET,/api/data,404,normal,
2025-03-25 09:34:22,34.234.48.65,david04,POST,/api/data,200,normal,
2025-04-14 23:03:15,74.132.252.153,april14,POST,/login,200,normal,
2025-04-19 05:27:55,104.29.21.84,maria40,PUT,/admin,200,normal,
2025-04-06 23:16:49,148.214.138.253,barbarasaunders,DELETE,/api/data,200,normal,
2025-04-20 15:46:45,104.166.94.57,jonesmary,POST,/api/data,200,normal,
2025-04-13 23:43:10,187.247.255.73,hgilbert,PUT,/home,200,normal,
2025-04-18 18:53:47,97.7.155.78,colemanrachel,PUT,/login,200,normal,
2025-04-12 18:41:24,95.87.172.227,tevans,DELETE,/home,200,normal,
2025-04-06 09:34:53,119.186.28.217,eschmidt,PUT,/api/data,404,normal,
2025-04-14 21:06:46,99.176.245.121,progers,PUT,/api/data,200,normal,
2025-04-19 16:41:43,115.61.152.45,claire00,GET,/products,200,normal,
2025-04-01 21:47:13,69.36.103.195,scottzimmerman,PUT,/products,200,normal,
2025-04-12 16:54:49,222.67.124.104,lesliedelgado,GET,/admin,200,normal,
2025-03-24 15:14:53,36.74.54.170,garciaroger,PUT,/api/data,404,normal,
2025-04-15 17:28:33,143.101.8.212,dixonjoseph,POST,/api/data,200,normal,
2025-03-23 22:54:41,50.51.145.106,richardpage,GET,/products,200,normal,
2025-04-09 06:42:21,149.33.117.158,ohernandez,POST,/login,200,normal,
2025-03-30 21:29:26,48.110.129.201,jessica23,GET,/products,200,normal,
2025-04-14 07:39:28,70.157.7.219,idennis,GET,/admin,200,normal,
2025-03-29 18:25:21,159.79.30.223,awarren,DELETE,/products,200,normal,
2025-03-22 10:55:37,79.118.204.231,mahoneyjennifer,PUT,/products,200,normal,
2025-04-09 10:42:53,103.199.8.156,ericwebster,DELETE,/login,200,normal,
2025-03-31 06:14:22,15.70.37.138,brandon64,GET,/api/data,200,normal,
2025-03-31 02:00:57,19.131.49.114,kingjennifer,POST,/home,200,normal,
2025-04-08 04:59:39,130.225.255.21,lewiscody,GET,/login,200,normal,
2025-04-19 05:10:02,43.174.201.222,melinda49,DELETE,/products,200,normal,
2025-03-26 16:41:44,141.91.191.179,maria73,PUT,/products,200,normal,
2025-04-16 21:56:44,181.229.90.163,james09,POST,/products,200,normal,
2025-04-16 05:33:07,35.238.216.106,robertfarrell,DELETE,/login,200,normal,
2025-04-05 15:52:34,152.60.84.78,erikacoleman,DELETE,/api/data,200,normal,
2025-03-29 18:00:29,206.174.84.98,heather94,DELETE,/login,200,normal,
2025-04-17 12:24:08,17.223.59.79,brittany70,GET,/api/data,200,normal,
2025-04-19 17:18:46,48.108.151.176,mariafitzgerald,GET,/api/data,200,normal,
2025-04-19 06:44:36,45.135.76.4,melissadavis,GET,/products,200,normal,
2025-04-15 09:49:37,129.228.94.45,steven67,POST,/admin,200,normal,
2025-03-25 09:00:22,150.31.214.163,bschmidt,PUT,/home,200,normal,
2025-03-29 23:28:05,1.206.130.62,uwashington,POST,/login,200,normal,
2025-03-30 18:12:13,98.67.162.140,antonioroach,DELETE,/admin,500,normal,
2025-04-02 20:00:26,4.252.209.237,andrew03,GET,/home,200,normal,
2025-04-09 04:27:44,109.158.36.205,robertsjustin,GET,/api/data,200,normal,
2025-04-07 17:05:44,193.51.221.43,phillipskimberly,POST,/home,200,normal,
2025-04-16 12:40:10,27.33.222.243,mike74,POST,/products,200,normal,
2025-04-07 02:22:49,63.19.175.33,clarkkara,GET,/products,404,normal,
2025-04-05 07:15:16,105.143.181.197,gina04,GET,/api/data,500,normal,
2025-04-09 02:05:48,3.245.113.7,jessicaalvarez,PUT,/home,200,normal,
2025-04-05 23:28:23,68.73.56.215,mossmonica,DELETE,/login,500,normal,
2025-03-25 10:13:23,177.96.67.188,danielsosa,PUT,/api/data,200,normal,
2025-04-10 18:04:21,97.243.25.233,davisheather,PUT,/products,200,normal,
2025-04-03 07:28:34,45.144.251.111,evanpeterson,GET,/home,404,normal,
2025-03-24 08:44:17,173.62.183.155,douglas37,DELETE,/login,404,normal,
2025-03-29 01:48:52,211.158.243.252,jackie35,GET,/home,200,normal,
2025-04-11 10:04:31,192.56.72.169,phebert,DELETE,/login,200,normal,
2025-03-27 15:49:42,64.70.161.212,iweaver,POST,/admin,403,anomaly,admin_access
2025-04-01 22:46:05,21.81.30.121,gbraun,DELETE,/login,200,normal,
2025-04-03 06:30:42,61.160.76.2,wrightangela,DELETE,/home,200,normal,
2025-03-25 14:26:08,28.43.121.162,lisa11,GET,/home,200,normal,
2025-04-17 15:29:54,58.76.52.176,ebooth,GET,/products,404,normal,
2025-03-24 06:56:07,109.66.17.115,jason88,DELETE,/home,200,normal,
2025-04-03 05:18:57,75.8.105.139,rgonzales,PUT,/products,404,normal,
2025-04-09 20:27:20,55.187.131.165,qphillips,GET,/products,200,normal,
2025-04-07 11:02:36,17.76.17.95,thomas52,PUT,/home,500,normal,
2025-03-28 17:06:09,13.227.193.102,sherrykeith,GET,/login,200,normal,
2025-04-09 05:53:56,173.242.43.177,michaelwilliams,GET,/login,404,normal,
2025-03-31 10:31:38,200.244.196.77,nicolas37,DELETE,/home,404,normal,
2025-04-05 10:28:34,57.85.93.5,katelyn57,POST,/api/data,200,normal,
2025-04-03 08:18:58,125.96.117.40,davidbaker,POST,/products,200,normal,
2025-04-19 08:24:11,10.11.130.191,utorres,PUT,/products,200,normal,
2025-04-08 07:30:59,85.135.242.177,michael90,PUT,/products,200,normal,
2025-04-20 01:10:20,213.70.20.149,sarah26,POST,/login,200,normal,
2025-04-19 16:23:48,26.86.231.97,gmyers,POST,/products,200,normal,
2025-04-08 12:51:43,117.2.95.28,zsaunders,POST,/admin,200,normal,
2025-04-09 22:06:45,183.212.68.125,ryanparker,GET,/login,200,normal,
2025-04-03 00:25:31,176.24.186.149,klong,PUT,/home,200,normal,
2025-04-11 10:09:33,6.234.176.142,lynnronald,PUT,/admin,200,normal,
2025-03-23 21:37:02,16.185.247.235,boothbrandon,POST,/home,200,normal,
2025-03-29 09:47:34,102.50.86.194,jasminejensen,PUT,/products,404,normal,
2025-04-09 14:33:00,57.243.96.112,nancy24,PUT,/products,200,normal,
2025-04-20 09:08:08,136.199.146.7,galvankimberly,PUT,/home,200,normal,
2025-03-23 17:48:43,107.249.34.29,tchan,DELETE,/login,200,normal,
2025-03-26 20:58:44,148.30.252.163,chelseadiaz,PUT,/login,200,normal,
2025-04-19 21:01:28,99.167.98.245,qgonzalez,POST,/home,200,normal,
2025-03-28 06:46:08,21.37.105.15,bleach,POST,/login,200,normal,
2025-04-03 15:43:23,144.234.159.10,aperry,GET,/login,404,normal,
2025-03-25 03:39:25,105.27.192.233,aaronlawrence,DELETE,/products,200,normal,
2025-03-22 04:13:38,71.231.103.44,josephbentley,GET,/home,200,normal,
2025-04-16 03:11:23,190.100.181.120,maldonadocarrie,PUT,/login,200,normal,
2025-04-11 06:48:33,31.43.231.227,loganjoan,GET,/home,404,normal,
2025-04-08 14:52:44,75.233.149.228,tinapennington,GET,/login,200,normal,
2025-04-10 02:01:41,214.87.78.121,paulwilliams,GET,/admin,200,normal,
2025-04-04 01:17:42,62.24.108.205,miranda54,DELETE,/login,200,normal,
2025-04-19 23:23:09,144.107.213.191,alane,GET,/api/data,404,normal,
2025-04-17 19:49:09,95.135.166.22,dustin55,POST,/api/data,200,normal,
2025-03-27 03:31:52,191.253.110.26,ericksonmax,GET,/products,200,normal,
2025-03-31 14:52:18,188.85.90.100,howardarthur,DELETE,/login,200,normal,
2025-04-19 19:56:50,135.30.193.127,matthewchristian,DELETE,/home,200,normal,
2025-04-11 16:39:00,42.200.162.91,rebeccamorgan,PUT,/api/data,200,normal,
2025-03-27 11:20:47,144.156.132.118,nicholas20,POST,/login,404,normal,
2025-03-22 09:08:52,167.47.221.75,shannon13,PUT,/home,500,normal,
2025-04-09 07:28:48,179.80.88.173,anthony12,POST,/home,200,normal,
2025-03-30 00:45:01,162.45.52.143,markpetty,PUT,/login,404,normal,
2025-03-26 11:00:51,83.148.28.84,scottandrea,POST,/home,200,normal,
2025-03-27 22:56:30,56.105.50.48,martinjames,POST,/home,404,normal,
2025-04-15 10:00:38,9.254.125.166,sjohnson,PUT,/admin,404,normal,
2025-03-25 08:07:58,170.142.95.231,sheltonbrian,GET,/login,200,normal,
2025-03-22 05:50:33,118.166.172.203,ohall,POST,/home,200,normal,
2025-04-06 18:55:02,12.186.80.128,morsemary,POST,/login,200,normal,
2025-04-06 17:36:44,90.193.32.43,imaynard,POST,/admin,200,normal,
2025-04-10 13:32:16,214.253.84.45,eknox,GET,/home,200,normal,
2025-04-18 09:58:51,164.86.123.233,kylewilliams,PUT,/products,200,normal,
2025-04-16 13:15:03,53.17.112.80,qstewart,DELETE,/api/data,200,normal,
2025-04-16 16:09:40,42.190.3.203,samuelrobbins,GET,/admin,404,normal,
2025-04-04 13:05:37,40.37.244.0,richarddavis,DELETE,/products,200,normal,
2025-04-08 06:59:05,54.171.243.103,gregory10,PUT,/products,200,normal,
2025-04-01 12:12:33,204.36.244.157,jeffreyyoung,PUT,/login,500,normal,
2025-03-26 22:08:36,12.149.196.197,tsims,PUT,/login,200,normal,
2025-03-23 21:49:00,11.89.163.231,brownkevin,POST,/admin,200,normal,
2025-03-28 06:16:13,154.180.143.197,tanderson,GET,/admin,200,normal,
2025-04-09 05:52:38,155.21.31.65,wisejesus,PUT,/products,500,normal,
2025-03-27 17:04:06,119.87.111.205,gary70,DELETE,/home,200,normal,
2025-04-01 15:34:27,181.132.30.180,qevans,PUT,/admin,200,normal,
2025-03-30 09:42:28,75.212.157.182,anthonywright,GET,/products,200,normal,
2025-03-23 10:21:14,120.122.219.11,frederick04,POST,/products,200,normal,
2025-04-02 07:41:24,181.55.51.135,xbass,POST,/login,200,normal,
2025-03-27 14:47:15,142.191.208.195,matthewrivera,DELETE,/api/data,200,normal,
2025-04-04 00:30:33,71.143.139.253,johnsalexander,POST,/api/data,200,normal,
2025-04-10 17:57:50,38.190.229.205,tara06,DELETE,/home,500,normal,
2025-03-26 05:13:05,147.145.22.241,travismorris,PUT,/api/data,200,normal,
2025-04-07 07:35:41,184.93.79.16,carly25,POST,/products,200,normal,
2025-04-09 11:28:23,50.69.158.154,baileymatthew,GET,/admin,200,normal,
2025-04-09 21:23:09,138.233.217.153,timothy25,DELETE,/products,200,normal,
2025-03-25 01:59:24,48.97.113.46,michaellong,PUT,/home,200,normal,
2025-04-09 04:19:24,113.150.231.31,snydersarah,DELETE,/home,404,normal,
2025-04-08 03:39:37,99.239.228.228,william94,DELETE,/login,200,normal,
2025-04-16 12:29:46,47.48.121.123,jennifer74,DELETE,/home,200,normal,
2025-03-24 17:06:50,111.74.94.158,maria35,DELETE,/login,200,normal,
2025-04-07 09:13:26,33.67.113.245,ashley27,DELETE,/products,200,normal,
2025-04-17 05:38:46,69.38.88.110,kingmisty,PUT,/products,200,normal,
2025-04-20 11:13:21,182.240.166.178,ccooper,GET,/search?query=' OR 1=1 --,500,anomaly,sql_injection
2025-04-12 00:32:09,17.118.16.243,edward57,POST,/admin,404,normal,
2025-04-16 13:54:23,176.8.54.8,eric86,DELETE,/products,200,normal,
2025-03-22 11:20:00,71.85.98.44,marycontreras,GET,/admin,200,normal,
2025-04-07 03:55:27,26.222.174.114,zburns,PUT,/login,200,normal,
2025-04-08 04:01:59,191.30.111.75,jerry24,POST,/login,200,normal,
2025-03-25 16:16:04,85.58.76.221,gary53,DELETE,/api/data,200,normal,
2025-04-14 23:27:34,164.71.252.120,melissa52,DELETE,/login,200,normal,
2025-04-09 20:21:29,49.23.193.141,robert13,DELETE,/home,200,normal,
2025-04-07 07:24:01,145.250.101.11,millerchristina,GET,/products,200,normal,
2025-04-01 10:33:07,192.168.0.100,ryanellis,GET,/api/data,429,anomaly,ip_flood
2025-03-27 11:16:23,66.243.53.58,nunezjeff,DELETE,/home,200,normal,
2025-04-12 00:22:04,54.221.17.222,robert86,GET,/login,200,normal,
2025-04-14 10:13:12,191.127.181.40,dylanhernandez,PUT,/admin,200,normal,
2025-03-29 09:36:57,223.92.106.128,johnnygarcia,GET,/api/data,500,normal,
2025-03-22 09:42:04,223.137.217.136,michael65,PUT,/products,200,normal,
2025-04-20 14:51:40,11.3.96.120,jeremymcdonald,POST,/admin,403,anomaly,admin_access
2025-04-04 22:29:41,191.226.26.141,juan43,POST,/home,200,normal,
2025-04-14 00:16:37,136.127.80.155,swarren,DELETE,/home,200,normal,
2025-04-08 20:24:40,19.202.77.249,shepardsamuel,POST,/api/data,200,normal,
2025-03-22 06:19:04,130.113.236.112,scampbell,PUT,/admin,200,normal,
2025-03-24 20:45:32,26.59.81.232,burkeanne,GET,/api/data,200,normal,
2025-04-02 15:00:06,192.236.119.148,hferguson,POST,/login,200,normal,
2025-04-19 18:08:04,57.237.155.20,williamoliver,DELETE,/login,404,normal,
2025-04-11 02:15:37,125.149.154.219,onealchelsea,POST,/products,200,normal,
2025-04-18 20:16:49,15.96.15.85,bgardner,PUT,/home,200,normal,
2025-04-02 10:44:15,194.127.95.239,sarahperry,GET,/products,200,normal,
2025-04-20 10:33:08,37.173.229.21,lisaphillips,PUT,/api/data,200,normal,
2025-04-10 07:51:15,60.137.8.8,stephaniesanchez,PUT,/login,200,normal,
2025-03-29 20:24:24,194.42.96.129,alyssa85,DELETE,/home,200,normal,
2025-04-16 08:40:12,209.75.98.221,shawnspears,DELETE,/home,500,normal,
2025-04-12 20:16:12,203.27.164.90,perezpaul,PUT,/admin,200,normal,
2025-04-16 07:34:04,52.26.178.101,flemingdana,POST,/admin,403,anomaly,admin_access
2025-04-15 03:22:46,25.214.205.26,pellis,POST,/login,200,normal,
2025-04-10 17:35:24,116.123.53.160,gregorycarlson,DELETE,/products,200,normal,
2025-04-07 21:28:03,204.76.64.94,allison52,PUT,/products,404,normal,
2025-04-03 18:11:54,211.162.31.239,gonzalezchelsea,POST,/home,200,normal,
2025-04-17 20:48:30,133.177.108.118,rhondareynolds,POST,/home,200,normal,
2025-04-13 14:12:45,220.55.113.1,zjimenez,POST,/api/data,500,normal,
2025-04-14 03:38:19,169.137.136.32,thompsonjessica,GET,/home,404,normal,
2025-03-25 16:31:22,156.102.122.68,scole,GET,/login,200,normal,
2025-03-26 23:57:22,195.176.148.189,ronnie42,POST,/products,200,normal,
2025-04-08 12:01:22,23.166.32.193,patricia79,PUT,/home,200,normal,
2025-04-02 06:36:05,177.234.81.83,stricklandnathaniel,DELETE,/products,500,normal,
2025-03-24 07:15:54,118.76.20.242,mary39,POST,/api/data,500,normal,
2025-03-25 19:20:25,25.248.233.88,randyroy,POST,/admin,403,anomaly,admin_access
2025-03-28 14:19:57,26.56.40.186,derrickthomas,DELETE,/api/data,200,normal,
2025-04-13 04:44:11,223.122.221.18,johnsonkirk,DELETE,/api/data,200,normal,
2025-03-25 08:29:50,65.153.231.153,dsanders,GET,/products,500,normal,
2025-03-26 02:47:43,18.52.64.28,johnjohnston,DELETE,/products,404,normal,
2025-03-24 08:52:54,24.153.203.171,gburgess,POST,/home,200,normal,
2025-04-02 16:45:23,60.224.228.202,marc26,PUT,/products,200,normal,
2025-03-27 09:51:56,91.179.83.199,bethanygarrison,GET,/login,200,normal,
2025-03-23 12:00:29,84.218.101.73,oneillkelly,DELETE,/login,200,normal,
2025-03-25 12:45:45,146.249.54.10,marissasmith,PUT,/login,404,normal,
2025-04-11 15:49:20,53.212.26.108,tross,POST,/home,200,normal,
2025-03-31 21:12:37,174.23.245.94,kingrobert,DELETE,/login,200,normal,
2025-04-01 19:56:22,64.204.133.234,ycampbell,PUT,/login,200,normal,
2025-03-22 06:46:44,120.199.162.54,daniel49,DELETE,/admin,200,normal,
2025-03-23 09:11:55,77.105.246.28,mrosario,PUT,/products,200,normal,
2025-03-30 07:09:02,220.58.128.73,gsanchez,GET,/api/data,404,normal,
2025-03-25 16:34:51,126.235.66.169,lmorales,POST,/admin,200,normal,
2025-04-01 16:21:22,91.66.243.170,smorris,DELETE,/login,404,normal,
2025-04-01 01:55:59,135.159.97.57,rdavidson,PUT,/api/data,200,normal,
2025-04-11 14:24:31,149.114.171.237,paulyang,PUT,/login,200,normal,
2025-04-16 10:29:01,10.113.101.131,fwright,PUT,/products,200,normal,
2025-04-15 03:12:53,220.83.61.148,iwatkins,GET,/api/data,200,normal,
2025-04-17 18:12:14,215.106.186.185,badams,PUT,/api/data,200,normal,
2025-03-25 05:57:23,83.18.128.234,natasha19,DELETE,/home,404,normal,
2025-03-23 17:55:25,159.172.129.57,michaelwilson,GET,/admin,200,normal,
2025-04-03 17:43:15,115.232.145.147,marksantos,POST,/login,200,normal,
2025-03-22 17:07:11,214.150.53.117,bakercynthia,PUT,/api/data,200,normal,
2025-03-28 17:02:35,2.151.20.9,pattonkaren,POST,/products,200,normal,
2025-04-19 14:28:39,94.99.232.210,meganallen,POST,/home,200,normal,
2025-03-28 06:11:18,4.82.66.107,sbell,POST,/home,200,normal,
2025-03-22 14:58:03,190.23.69.90,thorntonmarie,POST,/admin,403,anomaly,admin_access
2025-04-15 08:13:02,7.245.113.147,jamesmiller,GET,/products,200,normal,
2025-03-27 21:53:16,206.174.9.150,brianlamb,DELETE,/home,404,normal,
2025-04-20 02:04:27,197.26.44.206,nmartin,POST,/admin,200,normal,
2025-04-11 18:45:00,179.8.38.224,aprilcunningham,DELETE,/home,404,normal,
2025-04-13 02:18:32,65.62.243.140,westjames,DELETE,/home,200,normal,
2025-03-24 18:40:40,2.254.171.224,garciatimothy,DELETE,/products,500,normal,
2025-04-14 01:44:40,189.37.230.251,madison49,GET,/home,200,normal,
2025-03-23 06:59:20,56.163.89.191,dianejordan,GET,/home,404,normal,
2025-04-15 04:43:24,53.197.209.27,george63,DELETE,/home,404,normal,
2025-04-06 13:46:50,80.250.166.79,conleytodd,GET,/login,200,normal,
2025-04-10 20:36:32,150.14.118.87,aimeemclean,DELETE,/home,200,normal,
2025-03-26 01:02:54,15.58.11.157,barbaraburnett,DELETE,/api/data,200,normal,
2025-04-11 02:26:11,204.139.41.72,pcochran,POST,/home,200,normal,
2025-04-04 06:11:42,78.81.77.182,daniel18,DELETE,/login,200,normal,
2025-03-26 07:08:15,192.21.143.225,jacob80,PUT,/home,404,normal,
2025-03-26 02:16:17,221.164.3.222,chavezjoseph,DELETE,/login,200,normal,
2025-04-13 01:17:40,92.55.213.199,brianevans,POST,/admin,403,anomaly,admin_access
2025-04-09 22:50:34,135.45.187.42,louisbarry,GET,/api/data,500,normal,
2025-04-02 06:31:02,165.65.69.32,kyle55,PUT,/login,404,normal,
2025-04-11 07:04:08,138.219.182.73,lovedarlene,GET,/home,200,normal,
2025-03-30 22:03:02,8.187.66.20,nperry,DELETE,/home,500,normal,
2025-04-19 02:01:30,6.149.6.247,alexandra48,PUT,/products,200,normal,
2025-03-30 02:17:05,18.143.16.91,jonathan70,DELETE,/products,200,normal,
2025-04-05 06:46:41,200.33.25.40,stewartdebra,DELETE,/home,200,normal,
2025-03-26 09:03:31,26.195.243.192,jamieadams,POST,/admin,200,normal,
2025-04-10 01:04:08,150.187.218.180,jacksonfrancis,DELETE,/api/data,200,normal,
2025-04-19 05:27:34,51.118.208.236,brendarichardson,DELETE,/products,200,normal,
2025-03-23 07:39:16,199.8.212.29,bakermathew,DELETE,/home,200,normal,
2025-04-14 16:41:40,144.227.165.52,claydavid,POST,/api/data,404,normal,
2025-04-03 09:22:39,51.244.139.191,martinkenneth,DELETE,/api/data,404,normal,
2025-04-16 22:40:12,111.187.227.222,crystalsmith,DELETE,/products,200,normal,
2025-04-17 22:48:37,11.247.159.143,fieldszachary,GET,/api/data,200,normal,
2025-04-11 00:48:06,143.179.217.170,jeffery60,POST,/products,404,normal,
2025-03-26 22:01:36,188.253.14.142,philipsmith,POST,/admin,404,normal,
2025-04-18 02:54:26,205.235.107.162,curtisdaniel,GET,/products,200,normal,
2025-04-05 23:46:33,192.72.250.120,michellenelson,DELETE,/home,200,normal,
2025-04-14 01:37:09,10.119.28.187,jamesmurphy,POST,/home,200,normal,
2025-03-24 05:40:00,95.100.40.7,thomasduffy,DELETE,/api/data,200,normal,
2025-03-22 13:17:30,215.244.58.103,lori34,DELETE,/admin,404,normal,
2025-04-10 23:20:45,191.172.122.58,michaelclark,DELETE,/products,200,normal,
2025-04-18 17:33:43,190.45.109.23,alicia14,DELETE,/admin,200,normal,
2025-03-30 06:40:36,147.215.108.16,dsmith,GET,/admin,200,normal,
2025-03-24 12:25:06,52.18.53.95,jwolfe,POST,/login,200,normal,
2025-03-26 09:17:04,50.131.182.57,erika52,GET,/home,404,normal,
2025-03-21 21:05:20,109.6.255.227,hayleymarks,GET,/login,200,normal,
2025-04-04 17:54:18,128.223.4.77,brent80,GET,/search?query=' OR 1=1 --,500,anomaly,sql_injection
2025-04-17 12:10:04,53.81.236.122,kellyhudson,GET,/login,200,normal,
2025-03-29 13:02:26,56.97.113.216,curtisdillon,GET,/admin,200,normal,
2025-04-15 17:42:51,136.131.159.214,brooke37,DELETE,/products,200,normal,
2025-04-20 08:27:07,183.225.123.181,dfranklin,PUT,/home,200,normal,
2025-03-28 11:19:44,178.183.240.179,vhouston,POST,/admin,200,normal,
2025-04-02 05:59:18,56.138.171.63,heather56,DELETE,/home,200,normal,
2025-04-19 08:15:33,55.227.75.4,stephensjoseph,DELETE,/products,200,normal,
2025-03-24 18:13:47,111.33.18.145,garrett99,POST,/products,200,normal,
2025-04-18 08:03:32,94.76.124.34,kyle91,DELETE,/products,200,normal,
2025-04-07 10:53:09,185.200.16.61,ybowers,GET,/products,200,normal,
2025-04-04 12:26:20,193.171.85.103,barnettjason,GET,/api/data,200,normal,
2025-04-15 12:33:39,42.3.117.62,hansonrandall,POST,/products,200,normal,
2025-03-22 04:49:53,100.39.232.242,davidwhite,GET,/admin,200,normal,
2025-04-18 21:45:54,21.122.38.120,brownemily,TRACE,/unknown,400,anomaly,weird_method
2025-04-02 20:01:56,141.141.37.35,jacobhall,POST,/admin,200,normal,
2025-03-28 10:26:52,97.117.208.231,hermanrobert,DELETE,/admin,200,normal,
2025-04-15 16:21:41,177.175.78.149,dallen,PUT,/login,200,normal,
2025-04-06 00:50:50,62.136.128.151,jwhite,GET,/home,200,normal,
2025-04-08 12:30:03,139.146.81.170,russelllaura,POST,/login,200,normal,
2025-04-14 11:01:40,144.205.249.220,brentayers,CONNECT,/unknown,400,anomaly,weird_method
2025-04-01 12:38:03,188.11.234.173,alynn,POST,/api/data,404,normal,
2025-04-10 05:15:55,16.120.100.216,makayla33,PUT,/api/data,200,normal,
2025-04-14 01:37:31,103.252.41.139,williamsmary,DELETE,/login,404,normal,
2025-03-27 02:34:50,97.124.39.252,whiteheadjoseph,POST,/login,200,normal,
2025-03-24 20:12:11,38.11.190.92,jewing,POST,/products,200,normal,
2025-04-03 13:39:59,197.29.219.28,donnakent,POST,/products,200,normal,
2025-03-29 16:39:52,167.185.193.43,matthewskinner,POST,/admin,200,normal,
2025-04-04 04:01:06,220.230.131.244,ashleyzavala,PUT,/home,200,normal,
2025-04-05 22:45:15,49.103.95.177,kathrynchandler,GET,/login,200,normal,
2025-04-03 07:12:30,55.36.11.190,tbeard,GET,/api/data,200,normal,
2025-04-02 18:17:09,135.141.128.43,toddrandall,POST,/home,200,normal,
2025-03-26 10:40:55,71.235.204.141,villatodd,DELETE,/home,200,normal,
2025-04-15 08:10:25,66.99.4.36,owolf,PUT,/api/data,200,normal,
2025-04-05 13:28:00,150.179.34.144,umurray,PUT,/admin,200,normal,
2025-04-03 17:00:22,193.145.204.3,cordovacaroline,DELETE,/login,200,normal,
2025-04-10 07:03:59,142.2.77.181,jason98,POST,/admin,403,anomaly,admin_access
2025-04-17 09:38:58,61.174.24.165,roy31,POST,/admin,200,normal,
2025-03-30 12:50:10,74.158.188.22,kcherry,DELETE,/api/data,200,normal,
2025-04-14 06:59:52,148.13.50.246,bwhitaker,DELETE,/api/data,200,normal,
2025-04-03 07:37:21,132.207.121.154,amber86,PUT,/home,404,normal,
2025-04-04 01:42:42,215.114.37.97,joshuashannon,DELETE,/api/data,404,normal,
2025-03-29 21:34:05,109.132.179.179,xmeyer,GET,/api/data,200,normal,
2025-03-27 16:30:55,119.168.165.201,christophersuarez,POST,/admin,403,anomaly,admin_access
2025-03-29 00:05:46,221.237.59.152,nicole42,PUT,/home,200,normal,
2025-03-31 20:13:12,183.181.191.222,katherinethornton,PUT,/login,200,normal,
2025-04-09 12:12:27,82.229.145.87,megan44,POST,/api/data,404,normal,
2025-03-23 16:42:29,27.157.226.102,vwarner,GET,/api/data,200,normal,
2025-03-25 10:55:06,189.92.96.43,kristi96,PUT,/admin,200,normal,
2025-04-13 16:50:56,107.49.254.5,turnertracie,DELETE,/admin,200,normal,
2025-04-12 01:35:03,115.62.67.104,royhowe,POST,/login,200,normal,
2025-04-11 07:24:48,105.108.88.186,ksmith,PUT,/products,200,normal,
2025-03-28 22:12:55,198.249.10.10,phillipsmary,POST,/admin,200,normal,
2025-03-31 02:17:02,214.176.49.36,castillolynn,POST,/products,404,normal,
2025-03-29 15:51:29,133.1.68.31,laceyjohnson,PUT,/api/data,200,normal,
2025-03-26 07:11:41,121.32.174.104,alexandra06,GET,/admin,200,normal,
2025-04-13 04:30:13,181.149.160.87,vwest,PUT,/home,500,normal,
2025-03-26 00:17:42,39.157.89.19,kelly90,POST,/home,200,normal,
2025-04-13 14:25:01,92.202.64.195,elizabethpadilla,POST,/api/data,200,normal,
2025-04-04 09:35:36,139.70.160.225,johnhernandez,PUT,/login,200,normal,
2025-03-26 15:48:55,117.31.96.15,barrvicki,DELETE,/admin,200,normal,
2025-04-14 02:06:10,65.50.71.5,beth62,PUT,/home,200,normal,
2025-04-19 06:15:35,32.247.166.201,ambermueller,GET,/api/data,200,normal,
2025-04-13 16:58:10,173.206.149.5,aking,GET,/api/data,200,normal,
2025-04-15 13:12:43,206.255.142.52,wmoore,PUT,/home,200,normal,
2025-04-04 15:23:58,171.205.100.73,broth,GET,/home,200,normal,
2025-03-29 07:28:35,144.19.42.163,brianscott,GET,/login,200,normal,
2025-04-02 21:29:02,58.211.97.6,nguyentimothy,GET,/login,200,normal,
2025-03-30 20:08:52,196.243.234.110,kochlaura,DELETE,/login,200,normal,
2025-04-15 13:40:09,88.98.182.250,goldenphyllis,GET,/api/data,404,normal,
2025-04-08 05:08:13,19.242.118.158,michael92,PUT,/api/data,404,normal,
2025-04-05 04:29:33,16.116.246.119,heidi62,GET,/admin,200,normal,
2025-04-13 17:39:37,58.38.249.184,charlesmitchell,PUT,/admin,200,normal,
2025-03-31 19:02:55,202.130.184.249,thomasclark,GET,/home,404,normal,
2025-03-23 07:45:38,169.141.26.185,joshuagray,GET,/login,200,normal,
2025-03-27 18:09:33,11.57.173.127,moodysandra,PUT,/admin,200,normal,
2025-04-12 17:37:25,9.171.98.195,brownkeith,PUT,/login,200,normal,
2025-03-30 11:37:30,145.41.5.33,megan92,POST,/products,200,normal,
2025-04-07 17:33:10,121.77.161.173,bobby65,POST,/admin,200,normal,
2025-03-24 17:29:04,192.126.57.53,derrick11,POST,/api/data,200,normal,
2025-04-12 12:51:19,60.96.236.222,ujoseph,POST,/admin,200,normal,
2025-04-14 18:13:22,168.165.120.70,ortizelizabeth,POST,/home,200,normal,
2025-03-22 23:05:57,55.70.187.247,lesliemcdaniel,DELETE,/login,200,normal,
2025-04-04 22:51:53,81.0.174.182,brandistevens,TRACE,/unknown,400,anomaly,weird_method
2025-04-09 11:45:59,128.77.123.94,ytucker,GET,/admin,200,normal,
2025-04-02 12:41:22,133.129.86.98,mfletcher,GET,/admin,200,normal,
2025-04-10 21:06:57,163.146.7.53,tasha48,GET,/home,200,normal,
2025-04-11 23:52:21,124.169.202.177,pturner,DELETE,/home,404,normal,
2025-04-02 19:02:23,65.193.203.186,melinda73,GET,/products,404,normal,
2025-04-08 03:46:32,162.60.180.133,greg90,GET,/api/data,404,normal,
2025-04-15 17:11:19,194.132.250.251,todd07,POST,/api/data,200,normal,
2025-04-16 07:29:46,118.136.252.166,imcguire,GET,/home,200,normal,
2025-04-01 06:50:29,125.250.150.54,enelson,DELETE,/api/data,404,normal,
2025-04-14 13:09:52,13.192.207.125,jameswilson,PUT,/home,200,normal,
2025-03-31 13:35:27,192.168.0.100,kristiwilliams,GET,/api/data,429,anomaly,ip_flood
2025-03-31 08:24:39,14.119.74.209,wmclaughlin,GET,/admin,200,normal,
2025-04-11 07:03:26,160.136.47.54,webbshannon,PUT,/api/data,200,normal,
2025-03-23 08:58:14,207.118.150.114,melissa76,PUT,/api/data,200,normal,
2025-04-02 15:20:05,132.241.234.201,tsmith,TRACE,/unknown,400,anomaly,weird_method
2025-04-13 02:55:12,150.40.89.75,jennanoble,GET,/products,200,normal,
2025-03-24 23:03:35,18.80.186.170,roserenee,POST,/products,404,normal,
2025-03-26 07:45:39,105.144.115.147,molinaallison,PUT,/api/data,200,normal,
2025-03-27 11:52:13,38.150.211.254,nathanwalton,DELETE,/products,200,normal,
2025-04-19 22:42:31,157.155.166.148,zcampbell,PUT,/login,404,normal,
2025-03-29 11:02:12,134.182.76.41,fraziercraig,PUT,/admin,404,normal,
2025-04-11 02:33:20,130.52.28.186,brownrichard,POST,/admin,200,normal,
2025-03-29 05:32:05,188.8.183.14,lauragarcia,DELETE,/api/data,200,normal,
2025-04-11 08:56:28,89.23.167.136,laura38,POST,/products,200,normal,
2025-04-02 02:42:39,154.145.117.7,christopher68,GET,/api/data,404,normal,
2025-03-24 13:38:56,162.21.197.220,gmartinez,PUT,/api/data,404,normal,
2025-04-04 14:22:09,115.70.246.59,jonesmelissa,GET,/products,200,normal,
2025-04-09 04:10:27,216.132.132.126,haynesheather,GET,/products,200,normal,
2025-04-01 17:39:01,104.227.176.252,dleon,POST,/products,200,normal,
2025-04-06 18:31:47,59.39.244.3,zachary46,GET,/home,200,normal,
2025-04-11 20:38:01,119.220.110.14,vhaley,POST,/api/data,500,normal,
2025-04-14 18:07:07,23.10.19.136,tonyahernandez,PUT,/login,200,normal,
2025-04-17 15:08:21,59.116.217.58,ericaking,PUT,/api/data,200,normal,
2025-03-30 13:16:33,191.241.83.119,amiller,DELETE,/home,200,normal,
2025-04-11 11:04:50,137.253.228.104,washingtonjames,POST,/admin,403,anomaly,admin_access
2025-03-27 17:03:31,65.124.141.129,carlsonian,POST,/admin,200,normal,
2025-04-16 05:13:53,171.50.149.206,alexanderballard,GET,/api/data,200,normal,
2025-04-11 09:36:54,207.169.243.90,cantuconnor,PUT,/api/data,200,normal,
2025-03-26 15:28:03,158.75.70.233,joshuawilliams,GET,/login,200,normal,
2025-04-11 21:02:14,123.210.22.223,frances83,POST,/login,200,normal,
2025-04-03 12:04:45,113.220.167.172,dgibson,DELETE,/api/data,200,normal,
2025-04-03 04:26:43,26.153.193.235,bgrimes,POST,/login,404,normal,
2025-03-23 13:52:51,192.168.0.100,erogers,GET,/login,429,anomaly,ip_flood
2025-04-14 08:50:17,10.116.117.152,zroman,DELETE,/login,200,normal,
2025-04-19 07:56:14,219.208.14.187,hbailey,GET,/search?query=' OR 1=1 --,500,anomaly,sql_injection
2025-04-07 06:58:10,29.26.42.79,petermathis,DELETE,/api/data,200,normal,
2025-04-01 12:32:16,10.85.173.247,annettearias,GET,/api/data,200,normal,
2025-04-17 15:47:21,52.188.208.181,josephperkins,DELETE,/api/data,200,normal,
2025-04-08 08:11:15,136.141.106.160,josesosa,PUT,/products,404,normal,
2025-04-11 22:48:16,142.175.206.102,denise54,GET,/products,200,normal,
2025-03-29 04:52:33,210.88.226.93,johnstondonna,DELETE,/products,200,normal,
2025-04-12 13:59:57,40.100.231.188,iadams,PUT,/admin,200,normal,
2025-04-04 21:51:31,190.167.224.86,ihart,PUT,/login,200,normal,
2025-04-15 02:46:13,141.37.190.189,christina47,PUT,/admin,404,normal,
2025-04-14 16:55:38,4.65.14.236,xbowen,POST,/api/data,200,normal,
2025-04-10 14:43:50,138.158.119.134,bbaker,DELETE,/admin,200,normal,
2025-04-05 02:51:36,27.144.205.122,eharris,GET,/home,200,normal,
2025-04-18 05:53:49,38.187.167.116,sdavis,GET,/admin,200,normal,
2025-04-20 02:14:12,44.217.99.38,andreaweaver,PUT,/home,200,normal,
2025-04-06 19:46:18,110.42.141.200,harrisjody,DELETE,/home,200,normal,
2025-04-15 07:30:23,149.103.76.214,ericksoncasey,PUT,/admin,200,normal,
2025-04-06 11:25:03,12.22.44.243,swalker,DELETE,/api/data,200,normal,
2025-03-29 00:32:42,138.143.58.117,williamsamber,POST,/products,200,normal,
2025-04-15 00:13:48,27.132.231.45,andersonstephen,PUT,/login,200,normal,
2025-03-22 13:26:26,192.168.0.100,victoriacain,GET,/api/data,429,anomaly,ip_flood
2025-04-12 07:26:30,97.195.216.177,brianamorales,GET,/api/data,404,normal,
2025-04-16 06:26:13,192.50.103.223,jesseschneider,DELETE,/admin,200,normal,
2025-04-08 06:51:04,205.17.29.25,jacquelinewilson,POST,/api/data,200,normal,
2025-03-23 21:06:46,12.33.145.63,wendyedwards,GET,/login,200,normal,
2025-04-04 00:39:28,210.199.39.246,davisalyssa,POST,/admin,403,anomaly,admin_access
2025-03-28 08:33:21,85.218.152.156,karen78,GET,/home,404,normal,
2025-04-19 07:40:52,28.145.87.138,melvin50,POST,/admin,403,anomaly,admin_access
2025-03-22 16:44:58,38.62.13.62,kimberly56,POST,/admin,404,normal,
2025-03-31 08:20:30,142.139.112.185,durhambrianna,POST,/admin,200,normal,
2025-03-24 17:12:11,203.241.62.101,patricia81,PUT,/admin,200,normal,
2025-04-02 23:04:41,117.230.17.119,awagner,POST,/admin,200,normal,
2025-04-11 09:44:53,136.183.79.235,gainesdouglas,PUT,/products,200,normal,
2025-03-31 08:51:34,173.42.216.118,anthony44,PUT,/home,200,normal,
2025-04-01 14:59:35,85.228.163.67,poperick,PUT,/login,200,normal,
2025-03-24 17:24:35,83.172.0.137,mercedes29,GET,/home,200,normal,
2025-03-25 23:22:40,70.159.252.195,nancypitts,GET,/api/data,200,normal,
2025-03-31 23:03:37,192.168.0.100,taylor71,GET,/api/data,429,anomaly,ip_flood
2025-04-09 02:33:05,71.160.154.159,khall,PUT,/admin,200,normal,
2025-03-31 15:34:26,122.239.28.13,dawn42,PUT,/home,200,normal,
2025-03-22 00:37:32,131.165.1.130,cruzmiranda,GET,/home,200,normal,
2025-04-08 16:29:45,3.193.141.253,wanda89,PUT,/products,200,normal,
2025-04-03 08:30:50,67.249.183.168,patrickhernandez,PUT,/login,200,normal,
2025-03-31 21:39:08,218.232.25.166,millersara,GET,/admin,200,normal,
2025-04-16 03:45:41,147.190.199.14,edaniel,PUT,/products,200,normal,
2025-03-26 20:11:46,65.80.202.119,droberts,DELETE,/api/data,200,normal,
2025-04-11 09:26:54,185.202.135.38,jonesjessica,GET,/login,200,normal,
2025-03-26 06:28:36,43.104.4.121,eclark,GET,/login,200,normal,
2025-04-20 04:29:20,129.232.189.110,brooksshirley,PUT,/api/data,200,normal,
2025-03-22 00:14:11,87.134.195.241,brianna75,POST,/api/data,200,normal,
2025-04-17 09:19:12,35.190.11.230,christopher74,GET,/login,200,normal,
2025-04-20 15:22:43,145.199.101.170,arthurcarson,POST,/admin,404,normal,
2025-04-06 23:24:04,96.145.228.226,georgejessica,PUT,/api/data,200,normal,
2025-03-25 02:34:38,207.130.17.106,jason01,DELETE,/products,200,normal,
2025-04-18 08:41:45,176.199.68.59,rlewis,POST,/products,500,normal,
2025-04-16 05:32:21,219.69.164.209,nathan26,POST,/home,200,normal,
2025-04-03 12:55:39,68.233.158.45,aguirresandra,POST,/home,200,normal,
2025-03-23 10:10:06,61.187.116.232,vincent11,GET,/home,404,normal,
2025-03-29 09:58:11,145.218.56.125,stevenmyers,POST,/admin,200,normal,
2025-04-09 01:38:20,21.132.193.174,michael79,DELETE,/admin,200,normal,
2025-04-18 13:25:06,106.63.128.209,adam51,DELETE,/login,200,normal,
2025-04-17 12:58:47,23.46.58.138,russellmoyer,POST,/home,404,normal,
2025-03-24 10:22:31,175.184.114.21,jonathan58,DELETE,/login,200,normal,
2025-04-18 11:32:34,130.146.19.210,turnerfrancis,PUT,/admin,200,normal,
2025-04-14 20:42:02,199.176.179.247,robertfletcher,GET,/api/data,200,normal,
2025-04-11 21:13:53,123.164.78.168,deborahharris,PUT,/api/data,404,normal,
2025-04-17 08:32:54,199.220.101.225,rhonda75,PUT,/login,200,normal,
2025-04-20 02:56:34,29.32.168.189,jasonobrien,PUT,/api/data,200,normal,
2025-03-30 14:12:41,60.159.10.49,zruiz,GET,/api/data,200,normal,
2025-04-10 02:35:27,185.198.33.77,robertanderson,DELETE,/home,200,normal,
2025-03-22 00:28:22,74.161.59.12,teresarichardson,POST,/api/data,200,normal,
2025-03-31 17:21:21,184.64.10.130,jennifer62,DELETE,/products,404,normal,
2025-03-23 14:42:42,168.73.193.251,roy13,PUT,/products,200,normal,
2025-04-03 00:09:51,192.168.0.100,douglasjonathan,GET,/login,429,anomaly,ip_flood
2025-03-28 03:39:54,160.228.34.19,calvin09,GET,/admin,200,normal,
2025-04-14 00:20:30,117.171.92.135,smithlauren,PUT,/products,200,normal,
2025-04-13 21:49:45,161.183.69.115,hjenkins,PUT,/products,200,normal,
2025-03-22 01:00:48,98.120.136.247,josephreyes,GET,/login,200,normal,
2025-04-10 08:05:54,200.159.119.33,aanderson,DELETE,/home,200,normal,
2025-04-08 17:32:32,161.164.35.200,whitneymichelle,POST,/home,200,normal,
2025-04-07 02:58:13,35.185.127.109,andersonyolanda,GET,/products,200,normal,
2025-04-04 17:22:33,15.47.140.114,ofrazier,GET,/api/data,200,normal,
2025-04-02 15:41:39,140.157.95.170,michael03,PUT,/api/data,200,normal,
2025-04-16 19:50:50,113.26.251.28,ebrown,DELETE,/products,404,normal,
2025-04-16 05:49:50,116.163.119.62,sharon06,PUT,/products,200,normal,
2025-03-22 19:37:34,78.24.132.203,walterssue,PUT,/home,500,normal,
2025-03-29 13:23:38,125.248.100.95,pagesandra,DELETE,/login,200,normal,
2025-03-24 20:13:30,212.23.253.213,roykathryn,PUT,/api/data,200,normal,
2025-04-18 06:11:02,58.202.253.68,huffmanchristopher,DELETE,/api/data,200,normal,
2025-04-13 18:31:22,149.100.8.28,alvaradoscott,PUT,/api/data,200,normal,
2025-03-22 21:26:51,164.178.128.193,sarahfreeman,POST,/home,404,normal,
2025-04-04 10:17:43,196.187.127.69,nicholasallen,DELETE,/admin,200,normal,
2025-04-13 08:38:44,61.113.69.173,lwilson,DELETE,/admin,500,normal,
2025-04-05 05:22:43,40.170.64.41,duncannatasha,PUT,/api/data,200,normal,
2025-04-06 07:57:38,112.206.65.219,joshua70,DELETE,/api/data,404,normal,
2025-04-17 09:58:29,151.31.151.184,dkhan,POST,/products,200,normal,
2025-04-09 00:01:02,54.104.186.25,bakerjulia,POST,/admin,404,normal,
2025-03-24 20:30:54,105.198.68.124,brownmatthew,DELETE,/admin,200,normal,
2025-04-11 00:14:59,208.158.20.190,sfrench,POST,/admin,403,anomaly,admin_access
2025-04-03 06:41:44,20.37.82.246,courtney28,GET,/login,200,normal,
2025-03-29 09:26:44,30.87.250.58,joseph08,PUT,/login,404,normal,
2025-04-15 03:00:10,168.132.76.58,xmeyer,POST,/login,200,normal,
2025-03-24 22:59:09,1.235.111.151,justin38,GET,/products,200,normal,
2025-03-22 20:29:45,209.196.47.209,richard62,TRACE,/unknown,400,anomaly,weird_method
2025-04-06 23:18:18,199.49.55.231,thomasstanley,GET,/products,500,normal,
2025-04-13 11:25:54,122.225.159.56,wilsonnatalie,DELETE,/login,200,normal,
2025-04-15 13:15:21,190.5.24.59,thomascameron,GET,/products,500,normal,
2025-04-10 01:35:00,47.18.185.57,emilystrong,DELETE,/products,200,normal,
2025-04-12 20:28:09,129.96.219.126,kellycarolyn,DELETE,/products,404,normal,
2025-04-11 10:46:13,148.227.99.8,kimberly70,GET,/api/data,200,normal,
2025-03-26 02:49:45,35.9.71.29,isabella54,DELETE,/login,200,normal,
2025-04-20 01:11:45,125.80.183.15,keithmckay,PUT,/login,404,normal,
2025-04-09 06:57:06,151.220.36.160,nicholas62,GET,/admin,404,normal,
2025-03-29 18:31:10,9.63.30.34,paulsaunders,PUT,/login,200,normal,
2025-03-30 19:51:58,34.13.251.157,danielthomas,DELETE,/home,200,normal,
2025-04-16 14:52:29,1.156.135.65,hhuffman,DELETE,/admin,200,normal,
2025-04-02 13:37:14,98.141.22.25,jose62,PUT,/admin,200,normal,
2025-04-19 12:02:40,1.36.249.233,smithjohn,PUT,/admin,200,normal,
2025-03-25 23:34:05,29.111.83.124,harmonlori,GET,/login,200,normal,
2025-04-17 01:07:08,107.151.222.26,benjaminhall,GET,/products,404,normal,
2025-04-13 10:26:05,199.220.184.193,townsendtyler,GET,/home,500,normal,
2025-04-16 06:14:01,211.81.245.206,steven70,POST,/login,200,normal,
2025-04-04 16:11:54,126.49.62.104,kimberlybarber,DELETE,/login,200,normal,
2025-04-03 11:42:25,61.244.244.242,hernandezbrian,GET,/home,200,normal,
2025-03-30 02:29:52,214.54.237.55,wking,PUT,/login,200,normal,
2025-04-18 18:11:49,154.229.163.21,greeneomar,PUT,/login,200,normal,
2025-04-16 11:59:09,188.203.166.98,barnesjulie,DELETE,/home,200,normal,
2025-04-01 08:21:29,51.67.144.93,levytodd,GET,/products,200,normal,
2025-04-10 10:12:25,161.199.99.77,davidpeck,DELETE,/admin,200,normal,
2025-04-12 00:18:43,169.197.44.220,jennifer03,DELETE,/admin,200,normal,
2025-03-31 15:58:15,20.148.119.152,toddhughes,PUT,/api/data,200,normal,
2025-04-15 19:36:12,164.232.123.112,elliottlindsay,DELETE,/login,200,normal,
2025-03-30 04:39:29,122.114.9.28,johnreese,DELETE,/products,200,normal,
2025-03-29 20:34:58,149.224.168.170,charles64,POST,/products,200,normal,
2025-03-24 06:35:11,166.51.153.215,cchristensen,POST,/home,404,normal,
2025-04-10 01:38:50,105.32.71.1,zsmith,POST,/admin,200,normal,
2025-03-25 02:01:18,95.31.17.50,williamshenry,POST,/api/data,200,normal,
2025-04-14 02:20:24,110.140.163.47,regina84,POST,/admin,200,normal,
2025-04-04 15:18:38,59.102.226.68,ohenderson,POST,/login,200,normal,
2025-04-14 07:22:33,118.38.68.63,millermichael,POST,/login,200,normal,
2025-04-02 14:39:48,30.171.120.124,christy10,PUT,/home,200,normal,
